Date/Time,Stargazers
2025-12-10 17:11:34 UTC,14490
2025-12-10 17:23:41 UTC,14492
2025-12-12 00:03:10 UTC,14497
2025-12-12 14:35:51 UTC,14500
2025-12-13 12:19:48 UTC,14517
2025-12-19 00:03:11 UTC,14540
2025-12-26 00:03:03 UTC,14567
2026-01-02 00:03:03 UTC,14579
2026-01-09 00:03:03 UTC,14604
2026-01-16 00:02:55 UTC,14623
2026-01-23 00:03:34 UTC,14651
2026-01-30 00:04:25 UTC,14680
2026-02-06 00:03:22 UTC,14710
2026-02-13 00:06:16 UTC,14744
2026-02-20 00:04:55 UTC,14775
2026-02-27 00:06:04 UTC,14794
